{"120_332_4_0": [0, -999.980317, -999.9940951000001], "115_332_4_0": [0, -999.9999996125796, -999.9999956953279], "110_332_4_0": [0, -999.9999956953279, -999.9999996125796], "105_332_4_0": [0, -999.9940951000001, -999.9999987085985], "100_332_4_0": [0, -420.03236469419744, -999.5845610043709], "95_332_4_0": [0, 1052.6315789473683, -947.3669603668421], "90_332_4_0": [0, 1052.6294760693604, 0], "85_332_4_0": [0, 0, 0], "80_332_4_0": [0, 934.5, 0], "100_282_4_1": [0, -873.1578948408702, 1052.6315789473683], "95_282_4_1": [0, -700.0, 934.5], "90_282_4_1": [0, 0, 0], "85_282_4_1": [0, 0, 700.0], "100_282_5_1": [0, -873.1578947368421, 1052.6315789473683], "95_282_5_1": [0, -700.0, 1039.3742625], "90_282_5_1": [0, -700.0, 0], "85_282_5_1": [0, 0, 0], "80_282_5_1": [0, 0, 0], "75_282_5_1": [0, 0, 0], "70_282_5_1": [0, 0, 0], "65_282_5_1": [0, 0, 0], "60_282_5_1": [0, 0, 0], "55_282_5_1": [0, 0, 0], "50_282_5_1": [0, 0, 0], "45_282_5_1": [0, 0, 0], "40_282_5_1": [0, 0, 0], "35_282_5_1": [-700.0, 0, 0], "120_330_4_1": [0, 1052.6315789473683, 0], "115_330_4_1": [0, 1052.6315789473683, -700.0], "110_330_4_1": [0, 0, 0], "105_330_4_1": [0, 0, 0], "100_330_4_1": [0, 0, 0], "95_330_4_1": [0, 700.0, 0], "90_330_4_1": [-700.0, 0, 0], "120_330_5_1": [0, 1052.6315789473683, -939.6947368421054], "115_330_5_1": [0, 700.0, 0], "110_330_5_1": [0, 0, 0], "105_330_5_1": [0, 0, 0], "100_330_5_1": [0, 0, 0], "95_330_5_1": [0, 0, 0], "90_330_5_1": [0, 0, 0], "85_330_5_1": [-700.0, 0, 0], "125_332_5_0": [0, -973.0, -910.0], "120_332_5_0": [0, -999.9940951000001, -999.9940951000001], "115_332_5_0": [0, -941.4558176559159, -999.99995217031], "110_332_5_0": [0, 1052.6315789473683, -947.3635521000001], "105_332_5_0": [0, 1051.1437766090626, 0], "100_332_5_0": [0, 1051.1437766090626, 0], "95_332_5_0": [0, 1013.0574999999999, 0], "90_332_5_0": [0, 0, 0], "85_332_5_0": [0, 0, 0], "80_332_5_0": [0, 0, 0], "75_332_5_0": [0, 0, 0], "70_332_5_0": [-700.0, 0, 0], "125_330_5_1": [0, 1052.6315789473683, 0], "105_282_5_1": [0, -700.0, 1052.6315789473683], "125_330_6_1": [0, 1052.6315789473683, -862.1052632510543], "120_330_6_1": [0, 1052.6315789473683, -873.1578947368421], "115_330_6_1": [0, 700.0, -700.0], "105_330_6_1": [0, 0, 0], "100_330_6_1": [0, 0, -700.0], "95_330_6_1": [0, 0, 0], "90_330_6_1": [0, 0, 0], "85_330_6_1": [0, 0, 0], "75_330_6_1": [-700.0, 0, 0], "105_282_6_1": [0, 0, 1052.6315789473683], "100_282_6_1": [0, 0, 1052.6315789473683], "90_282_6_1": [0, -700.0, 0], "85_282_6_1": [0, 0, 0], "80_282_6_1": [0, 0, 0], "75_282_6_1": [0, 0, 0], "70_282_6_1": [0, 0, 0], "60_282_6_1": [0, 0, 0], "55_282_6_1": [0, 0, 0], "50_282_6_1": [0, 0, 0], "45_282_6_1": [0, 0, 0], "40_282_6_1": [0, 0, 0], "30_282_6_1": [-700.0, 0, 0], "125_332_6_0": [0, -988.2087355000001, -997.57], "120_332_6_0": [0, 1052.6315789473683, -946.7673157894737], "110_332_6_0": [0, 1013.0574999999999, -700.0], "105_332_6_0": [0, 0, -700.0], "100_332_6_0": [0, 0, -700.0], "95_332_6_0": [0, 0, 0], "90_332_6_0": [0, 0, 0], "80_332_6_0": [0, 0, 0], "75_332_6_0": [0, 0, 0], "70_332_6_0": [-700.0, 0, 0], "115_332_6_0": [0, 1052.6315789473683, -663.1578947381523], "125_330_7_1": [0, 1052.6315789473683, -921.7894736842106], "115_330_7_1": [0, 700.0, 0], "110_330_7_1": [0, 700.0, 0], "100_330_7_1": [0, 700.0, 0], "95_330_7_1": [0, 0, 0], "90_330_7_1": [-700.0, 0, 0], "125_332_7_0": [0, -348.03812523877116, -999.980317], "115_332_7_0": [0, 1052.6315789473683, -862.1052631578948], "110_332_7_0": [0, 1051.1437766090626, -700.0], "100_332_7_0": [0, 0, 0], "95_332_7_0": [0, 0, 0], "90_332_7_0": [0, 0, 0], "80_332_7_0": [0, 0, 0], "75_332_7_0": [-700.0, 0, 0], "120_330_7_1": [0, 1039.3742625, -700.0], "105_330_7_1": [0, 0, 0], "130_332_7_0": [0, -991.9000000000001, -910.0], "120_332_7_0": [0, 1052.6315789473683, -939.6947368421054], "100_282_7_1": [0, -945.3647368421052, 1052.6315789473683], "95_282_7_1": [0, -700.0, 934.5], "90_282_7_1": [0, 0, 700.0], "80_282_7_1": [0, 0, 0], "75_282_7_1": [0, 0, 0], "65_282_7_1": [0, 0, 0], "60_282_7_1": [0, 0, 0], "55_282_7_1": [0, 0, 0], "45_282_7_1": [0, 0, 0], "40_282_7_1": [0, 0, 0], "30_282_7_1": [-700.0, 0, 0], "105_282_7_1": [0, 0, 1052.6315789473683], "130_330_7_1": [0, 1052.6315789473683, -873.1578947368421], "130_330_8_1": [0, 1052.6315789473683, -862.1052631578948], "125_330_8_1": [0, 1052.6315789473683, -925.1052631578948], "115_330_8_1": [0, 0, -700.0], "110_330_8_1": [0, 0, 0], "100_330_8_1": [0, 0, 0], "90_330_8_1": [0, 0, 0], "85_330_8_1": [0, 0, 0], "75_330_8_1": [-700.0, 0, 0], "130_332_8_0": [0, -347.58473263478106, -999.99822853], "120_332_8_0": [0, 1052.6315789473683, -921.7894736842106], "115_332_8_0": [0, 1048.1903779375, -700.0], "105_332_8_0": [0, 0, 0], "100_332_8_0": [0, 0, 0], "90_332_8_0": [0, 0, 0], "80_332_8_0": [0, 0, 0], "75_332_8_0": [-700.0, 0, 0], "125_332_8_0": [0, 1052.6315789473683, -862.1052631578948], "100_282_8_1": [0, -862.1052631578948, 1052.6315789473683], "95_282_8_1": [0, 0, 1039.3742625], "85_282_8_1": [0, 0, 0], "75_282_8_1": [0, 0, 0], "70_282_8_1": [0, 0, 0], "60_282_8_1": [0, 0, 0], "55_282_8_1": [0, 0, 0], "45_282_8_1": [0, 0, 0], "35_282_8_1": [0, 0, 0], "30_282_8_1": [0, 0, 0], "20_282_8_1": [0, 0, 0], "15_282_8_1": [0, 0, 0], "5_282_8_1": [0, 0, 0], "-5_282_8_1": [0, 0, 0], "-10_282_8_1": [0, 0, 0], "105_282_8_1": [0, -925.1052631578948, 1052.6315789473683], "130_332_9_0": [0, -560.2685565578475, -991.9000000000001], "120_332_9_0": [0, 1052.6315789473683, -663.1578947368421], "115_332_9_0": [0, 1052.612840894279, 0], "105_332_9_0": [0, 0, 0], "95_332_9_0": [0, 0, 0], "85_332_9_0": [0, 700.0, 0], "75_332_9_0": [0, 0, 0], "70_332_9_0": [-700.0, 0, 0], "130_330_9_1": [0, 1052.6315789473683, -862.1052631578948], "120_330_9_1": [0, 700.0, 0], "110_330_9_1": [0, 0, 0], "100_330_9_1": [0, 0, 0], "95_330_9_1": [-700.0, 0, -700.0], "135_332_9_0": [0, -999.2710000000001, -973.0], "125_332_9_0": [0, 1052.6315789473683, -945.3647368421052], "100_282_9_1": [0, -925.1052631578948, 1052.6315789473683], "90_282_9_1": [0, 0, 934.5], "80_282_9_1": [0, 0, 934.5], "75_282_9_1": [0, 0, 0], "65_282_9_1": [0, 0, 0], "55_282_9_1": [0, 0, 0], "45_282_9_1": [0, 0, 0], "35_282_9_1": [0, 0, 0], "30_282_9_1": [-700.0, 0, 0], "105_282_9_1": [0, 0, 1052.6315789473683], "95_282_9_1": [0, 0, 934.5], "85_282_9_1": [0, 0, 0], "110_332_9_0": [0, 0, 0], "100_332_9_0": [0, 700.0, 0], "90_332_9_0": [0, 0, 0], "135_330_9_1": [0, 1052.6315789473683, -700.0], "125_330_9_1": [0, 1052.6315789473683, -700.0], "115_330_9_1": [0, 0, 0], "105_330_9_1": [0, -700.0, 0], "100_282_10_1": [0, -700.0, 1052.6315789473683], "90_282_10_1": [0, -700.0, 0], "80_282_10_1": [0, 0, 0], "70_282_10_1": [0, 0, 0], "60_282_10_1": [0, 0, 0], "50_282_10_1": [0, 0, 0], "40_282_10_1": [0, 0, 0], "30_282_10_1": [0, 0, 0], "20_282_10_1": [0, 0, 0], "10_282_10_1": [0, 0, 0], "0_282_10_1": [0, 0, 0], "-10_282_10_1": [0, 0, 0], "-20_282_10_1": [0, 0, 0], "130_332_10_0": [0, -805.54288661875, -700.0], "120_332_10_0": [0, 1052.6315789473683, -700.0], "110_332_10_0": [0, 1013.0574999999999, 0], "100_332_10_0": [0, 0, 0], "90_332_10_0": [0, 0, 0], "80_332_10_0": [0, 0, 0], "70_332_10_0": [-700.0, 0, 0], "105_282_10_1": [0, -925.1052656358473, 1052.6315789473683], "95_282_10_1": [0, -700.0, 1048.1903779375], "85_282_10_1": [0, 0, 0], "75_282_10_1": [0, 0, 0], "65_282_10_1": [0, 0, 0], "55_282_10_1": [0, 0, 0], "45_282_10_1": [0, 0, 0], "35_282_10_1": [0, 0, 0], "25_282_10_1": [0, 0, 0], "15_282_10_1": [0, 0, 0], "5_282_10_1": [0, 0, 0], "-5_282_10_1": [0, 0, 0], "-15_282_10_1": [0, 0, 0], "130_330_10_1": [0, -347.3691255167642, -700.0], "120_330_10_1": [0, -816.08275, -910.0], "110_330_10_1": [0, -501.7428866187499, -700.0], "100_330_10_1": [0, -465.5, -700.0], "90_330_10_1": [-1052.6315789348282, -1052.6315789348282, -1052.631578909935], "80_330_10_1": [-1052.6314834924783, -1052.6313429518839, -1052.631499888881], "135_330_10_1": [0, 1052.6315789473683, -921.7895327090778], "125_330_10_1": [0, 0, 0],