{"120_332_4_0": [0, -997.57, -999.7813000000001], "115_332_4_0": [0, -997.57, -999.7813000000001], "110_332_4_0": [0, -973.0, -999.9343900000001], "105_332_4_0": [0, -999.9343900000001, -999.2710000000001], "100_332_4_0": [0, -265.57671088844774, -999.9940951000001], "95_332_4_0": [0, 9999.999999999993, 7862.926220743326], "90_332_4_0": [0, 1956.4299999999998, -700.0], "85_332_4_0": [0, 0, 0], "80_332_4_0": [0, 0, 0], "75_332_4_0": [0, -700.0, 0], "100_282_4_1": [0, 0, 9991.846783808258], "95_282_4_1": [0, -700.0, 0], "90_282_4_1": [0, 0, 0], "85_282_4_1": [0, 0, 0], "80_282_4_1": [0, -700.0, 0], "115_330_4_1": [0, 8247.771397365625, 0], "105_282_5_1": [0, 0, 9317.866942977813], "100_282_5_1": [0, 5324.872214953745, 9997.946451422065], "95_282_5_1": [0, -700.0, 1351.0], "90_282_5_1": [0, 0, 0], "85_282_5_1": [0, -700.0, 0], "80_282_5_1": [0, 0, 0], "75_282_5_1": [0, 0, 0], "70_282_5_1": [0, 0, 0], "65_282_5_1": [0, 0, 0], "60_282_5_1": [0, 0, 0], "55_282_5_1": [0, 0, 0], "50_282_5_1": [0, 0, 0], "45_282_5_1": [0, 0, 0], "40_282_5_1": [0, 0, 0], "35_282_5_1": [0, 0, 0], "30_282_5_1": [-700.0, 0, 0], "120_330_4_1": [0, 9942.151866959272, -700.0], "120_332_5_0": [0, -997.57, -991.9000000000001], "115_332_5_0": [0, -35.242257158650574, -997.57], "110_332_5_0": [0, 9999.999999999993, 7929.529999586894], "105_332_5_0": [0, 4795.889170115126, -700.0], "100_332_5_0": [0, 700.0, 0], "95_332_5_0": [0, 700.0, -700.0], "90_332_5_0": [0, 0, 0], "85_332_5_0": [0, 0, 0], "80_332_5_0": [0, 0, 0], "75_332_5_0": [0, 0, 0], "70_332_5_0": [-700.0, 0, 0], "125_332_5_0": [0, -700.0, -973.0], "120_330_5_1": [0, 9999.71056930214, 0], "115_330_5_1": [0, 2519.4799, 0], "110_330_5_1": [0, 0, 0], "105_330_5_1": [0, 0, 0], "100_330_5_1": [0, 0, 0], "95_330_5_1": [0, 0, 0], "90_330_5_1": [-700.0, 0, 0], "125_332_6_0": [0, -62.67100000000002, -700.0], "120_332_6_0": [0, 9999.999999999993, 5389.999999909331], "115_332_6_0": [0, 9995.09420271918, -700.0], "110_332_6_0": [0, 2519.4799, 0], "100_332_6_0": [0, 0, 0], "95_332_6_0": [0, 0, 0], "90_332_6_0": [0, 0, 0], "85_332_6_0": [0, 0, 0], "80_332_6_0": [0, 0, 0], "70_332_6_0": [-700.0, 0, 0], "125_330_5_1": [0, 9211.315693118064, 3803.2205332534104], "120_330_6_1": [0, 9770.32521166673, 5103.12888666438], "115_330_6_1": [0, 0, 0], "110_330_6_1": [0, 0, -700.0], "105_330_6_1": [0, 0, 0], "100_330_6_1": [0, 0, 0], "90_330_6_1": [-700.0, 0, 0], "125_330_6_1": [0, 9999.006118821348, -700.0], "100_282_6_1": [0, -700.0, 9991.846783808258], "95_282_6_1": [0, 0, 0], "85_282_6_1": [0, 0, 700.0], "80_282_6_1": [0, 0, 0], "75_282_6_1": [0, 0, 0], "70_282_6_1": [0, 0, 0], "65_282_6_1": [0, 0, 0], "55_282_6_1": [0, 0, 0], "50_282_6_1": [0, 0, 0], "45_282_6_1": [0, 0, 0], "40_282_6_1": [0, 0, 0], "35_282_6_1": [0, 0, 0], "25_282_6_1": [-700.0, 0, 0], "105_282_6_1": [0, 0, 9861.804479903263], "100_282_7_1": [0, 3109.123192553581, 8945.68252429141], "95_282_7_1": [0, -700.0, 1956.4299999999998], "85_282_7_1": [0, 0, 0], "80_282_7_1": [0, 0, 0], "70_282_7_1": [0, 0, 0], "65_282_7_1": [0, -700.0, 0], "60_282_7_1": [0, 0, 0], "50_282_7_1": [0, 0, 0], "45_282_7_1": [0, 0, 0], "35_282_7_1": [0, 0, 0], "30_282_7_1": [-700.0, 0, 0], "130_332_7_0": [0, -700.0, -910.0], "120_332_7_0": [0, 9962.572825791798, -700.0], "115_332_7_0": [0, 1956.4299999999998, 0], "110_332_7_0": [0, 0, -700.0], "100_332_7_0": [0, 0, 0], "95_332_7_0": [0, 0, 0], "85_332_7_0": [0, 0, 0], "80_332_7_0": [0, 0, 0], "75_332_7_0": [-700.0, 0, 0], "105_282_7_1": [0, -700.0, 9317.866942977813], "125_330_7_1": [0, 9266.5235945998, -700.0], "115_330_7_1": [0, 0, -700.0], "110_330_7_1": [0, 0, 0], "105_330_7_1": [0, 0, 0], "95_330_7_1": [0, 0, -700.0], "90_330_7_1": [0, 0, 0], "80_330_7_1": [-700.0, 0, 0], "125_332_7_0": [0, 5430.675692211913, 151.13000000000005], "130_330_7_1": [0, 8115.883222973789, 0], "120_330_7_1": [0, 0, 0], "100_330_7_1": [0, 0, 0], "90_282_7_1": [0, 0, 700.0], "130_332_8_0": [0, -700.0, -700.0], "120_332_8_0": [0, 700.0, -700.0], "110_332_8_0": [0, 0, 0], "105_332_8_0": [0, 0, 0], "95_332_8_0": [0, 0, 0], "90_332_8_0": [0, 0, 0], "80_332_8_0": [0, 0, 0], "70_332_8_0": [-700.0, 0, 0], "125_332_8_0": [0, 0, 0], "125_330_8_1": [0, 700.0, 0], "120_330_8_1": [0, 0, 0], "110_330_8_1": [0, 0, 0], "100_330_8_1": [0, 0, 0], "95_330_8_1": [0, 0, 0], "85_330_8_1": [-700.0, 0, 0], "105_282_8_1": [0, 0, 0], "95_282_8_1": [0, -700.0, 0], "85_282_8_1": [0, 0, 0], "80_282_8_1": [0, 0, 0], "70_282_8_1": [0, 0, 0], "65_282_8_1": [0, 0, 0], "55_282_8_1": [0, 0, 0], "45_282_8_1": [0, 0, 0], "40_282_8_1": [0, 0, 0], "30_282_8_1": [-700.0, 0, 0], "100_282_8_1": [0, 0, 700.0]}