{"120_332_4_0": [0, -700.0, -700.0], "115_332_4_0": [0, -700.0, -700.0], "110_332_4_0": [0, -700.0, -700.0], "105_332_4_0": [0, -700.0, -700.0], "100_332_4_0": [0, -48.99999999999997, -700.0], "95_332_4_0": [0, 9525.447965914613, 0], "90_332_4_0": [0, 0, -700.0], "120_330_4_1": [0, 0, 0], "115_330_4_1": [0, 0, -700.0], "110_330_4_1": [0, 0, 0], "105_330_4_1": [0, 0, -700.0], "100_282_4_1": [0, 0, 700.0], "95_282_4_1": [0, -700.0, 0], "120_330_5_1": [0, 0, -700.0], "115_330_5_1": [0, 0, 0], "110_330_5_1": [0, 0, 0], "105_330_5_1": [0, 0, 0], "100_330_5_1": [0, 0, 0], "95_330_5_1": [0, 0, 0], "90_330_5_1": [0, 0, 0], "85_330_5_1": [-700.0, 0, 0], "120_332_5_0": [0, 0, 0], "115_332_5_0": [0, 0, -700.0], "110_332_5_0": [0, 0, -700.0], "105_332_5_0": [0, 0, 0], "100_332_5_0": [0, 0, 0], "95_332_5_0": [0, 0, 0], "90_332_5_0": [0, 0, 0], "85_332_5_0": [0, 0, 0], "80_332_5_0": [0, 0, 0], "75_332_5_0": [-700.0, 0, 0], "125_332_5_0": [0, 0, 0], "100_282_5_1": [0, 0, 0], "95_282_5_1": [0, 0, 0], "90_282_5_1": [0, 0, 0], "85_282_5_1": [0, 0, 0], "80_282_5_1": [0, 0, 0], "75_282_5_1": [0, 0, 0], "70_282_5_1": [0, 0, 0], "65_282_5_1": [0, 0, 0], "60_282_5_1": [0, 0, 0], "55_282_5_1": [0, 0, 0], "50_282_5_1": [0, 0, 0], "45_282_5_1": [0, 0, 0], "40_282_5_1": [0, 0, 0], "35_282_5_1": [0, 0, 0], "30_282_5_1": [0, 0, 0], "25_282_5_1": [0, 0, 0], "20_282_5_1": [0, 0, 0], "15_282_5_1": [0, 0, 0], "10_282_5_1": [0, 0, 0], "5_282_5_1": [-700.0, 0, 0]}