{"120_332_4_0": [0, -999.9343900000001, -991.9000000000001], "115_332_4_0": [0, -973.0, -999.980317], "110_332_4_0": [0, -999.7813000000001, -997.57], "105_332_4_0": [0, -957.00710691775, -910.0], "100_332_4_0": [0, -347.4698953833312, -999.8583521343953], "95_332_4_0": [0, 1052.6315789473683, -862.1052631578948], "120_330_4_1": [0, 1052.6315789473683, 0], "115_330_4_1": [0, 1052.6315789473683, 0], "110_330_4_1": [0, 0, 0], "105_330_4_1": [0, 700.0, 0], "120_332_5_0": [0, -999.2710000000001, -999.9343900000001], "115_332_5_0": [0, -347.3685613165476, -910.0], "110_332_5_0": [0, 1052.6315789473683, -946.7673157894737], "105_332_5_0": [0, 700.0, -700.0], "100_332_5_0": [0, 700.0, 0], "95_332_5_0": [0, 0, 0], "90_332_5_0": [0, 0, 0], "85_332_5_0": [0, 0, 0], "80_332_5_0": [0, 0, 0], "75_332_5_0": [0, 0, 0], "70_332_5_0": [-700.0, 0, 0], "90_332_4_0": [0, 1013.0574999999999, 0], "85_332_4_0": [0, 0, 0], "80_332_4_0": [0, 0, -700.0], "120_330_5_1": [0, 1052.6315789473683, 0], "115_330_5_1": [0, 0, 0], "110_330_5_1": [0, 0, 0], "105_330_5_1": [0, 700.0, 0], "100_330_5_1": [0, 0, 0], "95_330_5_1": [0, 0, 0], "90_330_5_1": [0, 0, 0], "85_330_5_1": [0, 0, 0], "80_330_5_1": [0, 0, 0], "75_330_5_1": [0, 0, 0], "70_330_5_1": [-700.0, 0, 0], "100_282_4_1": [0, 0, 1052.6315789473683], "100_282_5_1": [0, -921.7894736845626, 1052.6315789473683], "95_282_5_1": [0, 0, 700.0], "90_282_5_1": [0, 0, 700.0], "85_282_5_1": [0, -700.0, 0], "80_282_5_1": [0, 0, 0], "75_282_5_1": [0, 0, 0], "70_282_5_1": [0, 0, 0], "65_282_5_1": [0, 0, 0], "60_282_5_1": [0, 0, 0], "55_282_5_1": [0, 0, 0], "50_282_5_1": [0, 0, 0], "45_282_5_1": [0, 0, 0], "40_282_5_1": [0, 0, 0], "35_282_5_1": [0, 0, 0], "30_282_5_1": [0, 0, 0], "25_282_5_1": [0, 0, 0], "20_282_5_1": [0, 0, 0], "15_282_5_1": [0, 0, 0], "10_282_5_1": [0, 0, 0], "5_282_5_1": [-700.0, 0, 0], "125_332_5_0": [0, -700.0, -700.0], "125_330_5_1": [0, 1052.6315789473683, -700.0], "105_282_5_1": [0, 0, 1052.6315789473683], "120_332_6_0": [0, 1052.6315789473683, -945.3647368421052], "115_332_6_0": [0, 1052.6315789473683, 0], "110_332_6_0": [0, 1013.0574999999999, 0], "105_332_6_0": [0, 0, -700.0], "95_332_6_0": [0, 0, 0], "90_332_6_0": [0, 0, 0], "85_332_6_0": [0, 0, 0], "80_332_6_0": [0, 0, 0], "75_332_6_0": [-700.0, 0, 0], "125_332_6_0": [0, -973.0, -910.0], "125_330_6_1": [0, 1052.6315789473683, -663.1578947368421], "115_330_6_1": [0, 0, -700.0], "110_330_6_1": [0, 0, 0], "105_330_6_1": [0, 0, 0], "100_330_6_1": [0, 0, 0], "95_330_6_1": [0, 0, 0], "85_330_6_1": [0, 0, 0], "80_330_6_1": [-700.0, 0, 0], "105_282_6_1": [0, -700.0, 1052.6315789473683], "100_282_6_1": [0, -700.0, 1052.6315789473683], "90_282_6_1": [0, -700.0, 0], "85_282_6_1": [0, 0, 0], "80_282_6_1": [0, 0, 0], "75_282_6_1": [0, 0, 0], "70_282_6_1": [0, 0, 0], "60_282_6_1": [0, 0, 0], "55_282_6_1": [0, 0, 0], "50_282_6_1": [0, 0, 0], "45_282_6_1": [0, 0, 0], "40_282_6_1": [0, 0, 0], "30_282_6_1": [0, 0, 0], "25_282_6_1": [0, 0, 0], "20_282_6_1": [0, 0, 0], "15_282_6_1": [0, 0, 0], "10_282_6_1": [0, 0, 0], "0_282_6_1": [0, 0, 0], "-5_282_6_1": [0, 0, 0], "-10_282_6_1": [0, 0, 0], "-15_282_6_1": [0, 0, 0], "125_332_7_0": [0, -347.5353896700479, -973.0], "115_332_7_0": [0, 1052.6315789473683, -925.1052631578948], "110_332_7_0": [0, 934.5, 0], "100_332_7_0": [0, 0, 0], "95_332_7_0": [0, 700.0, 0], "90_332_7_0": [0, 0, 0], "80_332_7_0": [0, 0, 0], "75_332_7_0": [-700.0, 0, 0], "95_282_6_1": [0, 0, 1048.1903779375], "105_282_7_1": [0, -700.0, 1052.6315789473683], "95_282_7_1": [0, 0, 1013.0574999999999], "90_282_7_1": [0, -700.0, 0], "85_282_7_1": [0, -700.0, 0], "75_282_7_1": [0, 0, 0], "70_282_7_1": [0, 0, 0], "60_282_7_1": [0, 0, 0], "55_282_7_1": [0, 0, 0], "50_282_7_1": [0, 0, 0], "40_282_7_1": [0, 0, 0], "35_282_7_1": [-700.0, 0, 0], "120_330_6_1": [0, 1052.6315789473683, -700.0], "120_332_7_0": [0, 1052.6315789473683, -663.1578947368421], "105_332_7_0": [0, 0, 0], "100_282_7_1": [0, -873.1578947368421, 1052.6315789473683], "125_330_7_1": [0, 1052.6315789473683, 0], "120_330_7_1": [0, 1039.3742625, 0], "110_330_7_1": [0, 700.0, 0], "105_330_7_1": [0, 0, 0], "95_330_7_1": [0, 0, 0], "90_330_7_1": [0, 700.0, 0], "85_330_7_1": [0, 0, 0], "75_330_7_1": [-700.0, 0, 0], "115_330_7_1": [0, 0, -700.0], "100_330_7_1": [0, 0, 0], "130_332_7_0": [0, -700.0, -700.0], "130_330_7_1": [0, 1052.6315789473683, -700.0], "125_332_8_0": [0, 1052.6315789473683, -700.0], "120_332_8_0": [0, 1052.6315789473683, -862.1052631578949], "110_332_8_0": [0, 0, -700.0], "105_332_8_0": [0, 0, 0], "95_332_8_0": [0, 0, 0], "85_332_8_0": [0, 700.0, 0], "80_332_8_0": [0, 0, 0], "70_332_8_0": [-700.0, 0, 0], "115_332_8_0": [0, 934.5, 0], "130_332_8_0": [0, -839.6500000000001, -910.0], "105_282_8_1": [0, 0, 1052.6315789473683], "95_282_8_1": [0, 0, 0], "85_282_8_1": [0, -700.0, 0], "80_282_8_1": [0, 0, 0], "70_282_8_1": [0, 0, 0], "65_282_8_1": [0, 0, 0], "55_282_8_1": [0, 0, 0], "45_282_8_1": [0, 0, 0], "40_282_8_1": [0, 0, 0], "30_282_8_1": [-700.0, 0, 0], "100_282_8_1": [0, -925.1052631582878, 1052.6315789473683], "90_282_8_1": [0, 0, 0], "130_330_8_1": [0, 1052.6315789473683, 0], "120_330_8_1": [0, 0, 0], "110_330_8_1": [0, 0, 0], "105_330_8_1": [0, 0, -700.0], "95_330_8_1": [0, 0, 0], "90_330_8_1": [-700.0, 0, 0], "125_330_8_1": [0, 1052.6315789473683, 0], "130_332_9_0": [0, -354.45445669375, -973.0], "125_332_9_0": [0, 1052.6315789473683, 0], "115_332_9_0": [0, 700.0, 0], "105_332_9_0": [0, 0, 0], "95_332_9_0": [0, 0, 0], "85_332_9_0": [0, 0, -700.0], "80_332_9_0": [0, 0, 0], "70_332_9_0": [-700.0, 0, 0], "120_332_9_0": [0, 1052.6315789473683, 0], "110_332_9_0": [0, 0, 0], "100_332_9_0": [0, 0, 0], "90_332_9_0": [0, 0, 0], "105_282_9_1": [0, -700.0, 1052.6315789473683], "95_282_9_1": [0, -700.0, 0], "85_282_9_1": [0, -700.0, 0], "75_282_9_1": [0, 0, 0], "70_282_9_1": [0, -700.0, 0], "60_282_9_1": [0, 0, 0], "50_282_9_1": [0, 0, 0], "40_282_9_1": [0, 0, 0], "30_282_9_1": [-700.0, 0, 0], "100_332_8_0": [0, 0, 0], "90_332_8_0": [0, 0, 0], "130_330_9_1": [0, 1052.6315789473683, 0], "120_330_9_1": [0, 0, 0], "115_330_9_1": [0, 0, -700.0], "105_330_9_1": [0, 0, 0], "95_330_9_1": [0, 0, 0], "85_330_9_1": [-700.0, 0, 0], "100_282_9_1": [0, 0, 1052.6315789473683], "90_282_9_1": [0, 0, 0], "80_282_9_1": [0, 0, 0], "135_332_9_0": [0, -700.0, -700.0], "135_330_9_1": [0, 1052.6315789473683, -700.0], "125_330_9_1": [0, 1052.631578909935, -700.0], "130_330_10_1": [0, 1052.6253016995836, 0], "120_330_10_1": [0, -700.0, 0], "110_330_10_1": [0, 0, 0], "100_330_10_1": [0, 0, 0], "90_330_10_1": [-700.0, 0, 0], "105_282_10_1": [0, -700.0, 1052.6313429518839], "95_282_10_1": [0, -700.0, 0], "85_282_10_1": [0, 0, 700.0], "75_282_10_1": [0, 0, 0], "65_282_10_1": [0, 0, 0], "55_282_10_1": [0, 0, 0], "45_282_10_1": [0, 0, 0], "35_282_10_1": [0, 0, 0], "25_282_10_1": [-700.0, 0, 0], "135_330_10_1": [0, 1052.6308744832356, 0], "125_330_10_1": [0, 0, 0], "115_330_10_1": [0, -700.0, 0], "105_330_10_1": [0, 0, 0], "95_330_10_1": [0, 0, 0], "85_330_10_1": [-700.0, 0, 0], "140_332_10_0": [0, -700.0, -700.0], "130_332_10_0": [0, -347.3766241663177, -700.0], "120_332_10_0": [0, 1052.6315779516701, 0], "110_332_10_0": [0, 0, 0], "100_332_10_0": [0, 0, 0], "90_332_10_0": [0, 0, -700.0], "80_332_10_0": [0, 0, 0], "70_332_10_0": [-700.0, 0, 0], "135_332_10_0": [0, -700.0, -700.0], "125_332_10_0": [0, 1052.631578946897, 0], "115_332_10_0": [0, 0, 0], "105_332_10_0": [0, 0, 0], "95_332_10_0": [0, 0, 0], "85_332_10_0": [0, 0, 0], "75_332_10_0": [-700.0, 0, 0], "100_282_10_1": [0, -700.0, 1052.4646103299522], "90_282_10_1": [0, -700.0, 0], "80_282_10_1": [0, 0, 0], "70_282_10_1": [0, 0, 0], "60_282_10_1": [0, 0, 0], "50_282_10_1": [0, 0, 0], "40_282_10_1": [0, 0, 0], "30_282_10_1": [-700.0, 0, 0], "140_330_10_1": [0, 0, 0], "110_282_10_1": [0, 0, 0], "140_332_11_0": [0, 0, 0], "130_332_11_0": [0, 0, 0], "115_332_11_0": [0, 0, 0], "105_332_11_0": [0, 0, 0], "95_332_11_0": [0, 0, 0], "85_332_11_0": [0, 0, 0], "75_332_11_0": [0, 0, 0],