{"120_332_4_0": [0, -700.0, -991.9000000000001], "115_332_4_0": [0, -997.57, -999.9343900000001], "110_332_4_0": [0, -910.0, -999.99822853], "105_332_4_0": [0, -997.57, -997.57], "100_332_4_0": [0, -527.3527516690727, -999.7813000000001], "95_332_4_0": [0, 1000.010000100001, -997.5600242002421], "90_332_4_0": [0, 910.0048999999999, 0], "85_332_4_0": [0, 0, 0], "80_332_4_0": [0, 0, 0], "75_332_4_0": [0, 0, 0], "70_332_4_0": [-700.0, 0, 0], "100_282_4_1": [0, 0, 1000.010000100001], "95_282_4_1": [0, -700.0, 0], "90_282_4_1": [0, 0, 0], "85_282_4_1": [0, 0, 0], "80_282_4_1": [0, 0, 0], "75_282_4_1": [0, 0, 0], "70_282_4_1": [0, 0, 0], "65_282_4_1": [0, 0, 0], "60_282_4_1": [0, 0, 0], "55_282_4_1": [0, 0, 700.0], "105_282_5_1": [0, -700.0, 1000.010000100001], "100_282_5_1": [0, -972.9902699026991, 1000.010000100001], "95_282_5_1": [0, -700.0, 0], "90_282_5_1": [0, 0, 0], "85_282_5_1": [0, 0, 0], "80_282_5_1": [0, 0, 0], "75_282_5_1": [0, 0, 0], "70_282_5_1": [0, 0, 0], "65_282_5_1": [0, 0, 0], "60_282_5_1": [0, 0, 0], "55_282_5_1": [0, 0, 0], "50_282_5_1": [0, 0, 0], "45_282_5_1": [0, 0, 0], "40_282_5_1": [0, 0, 0], "35_282_5_1": [0, 0, 0], "30_282_5_1": [0, 0, 0], "25_282_5_1": [0, 0, 0], "20_282_5_1": [0, 0, 0], "15_282_5_1": [0, 0, 0], "10_282_5_1": [0, 0, 0], "5_282_5_1": [0, 0, 0], "0_282_5_1": [0, 0, 0], "-5_282_5_1": [0, 0, 0], "-10_282_5_1": [0, 0, 0], "-15_282_5_1": [0, 0, 0], "120_332_5_0": [0, -973.0, -910.0], "115_332_5_0": [0, -700.0, -997.57], "110_332_5_0": [0, 1000.010000100001, -999.2610242002421], "105_332_5_0": [0, 991.9091630651703, -700.0], "100_332_5_0": [0, 0, -700.0], "95_332_5_0": [0, 0, -700.0], "90_332_5_0": [0, 0, 0], "85_332_5_0": [0, 0, 0], "80_332_5_0": [0, 0, 0], "75_332_5_0": [0, 0, 0], "70_332_5_0": [-700.0, 0, 0], "120_330_4_1": [0, 1000.010000100001, -700.0], "115_330_4_1": [0, 1000.0100001000003, -699.993016942154], "110_330_4_1": [0, 0, -700.0], "105_330_4_1": [0, 0, 0], "100_330_4_1": [0, -700.0, 0], "125_330_5_1": [0, 1000.010000100001, -699.9930050337648], "120_330_5_1": [0, 1000.010000100001, -700.0], "115_330_5_1": [0, 973.0078400343, -699.9931889451198], "110_330_5_1": [0, 0, 0], "105_330_5_1": [0, 0, 0], "100_330_5_1": [0, 0, 0], "95_330_5_1": [0, 0, 0], "90_330_5_1": [-700.0, 0, 0], "125_332_5_0": [0, -910.0, -700.0], "125_332_6_0": [0, -571.8970109999999, -910.0], "120_332_6_0": [0, 1000.010000100001, -972.9902699026991], "115_332_6_0": [0, 1000.010000100001, 0], "110_332_6_0": [0, 973.0078400343, 0], "100_332_6_0": [0, 0, 0], "95_332_6_0": [0, 0, 0], "90_332_6_0": [0, 0, 0], "85_332_6_0": [0, 0, 0], "80_332_6_0": [0, 0, 0], "70_332_6_0": [-700.0, 0, 0], "120_330_6_1": [0, 1000.010000100001, 0], "115_330_6_1": [0, 700.0, -700.0], "110_330_6_1": [0, 0, 0], "105_330_6_1": [0, 0, 0], "95_330_6_1": [0, 0, 0], "90_330_6_1": [-700.0, 0, 0], "125_330_6_1": [0, 1000.010000100001, -699.9929999299993], "100_282_6_1": [0, -700.0, 1000.010000100001], "95_282_6_1": [0, 0, 910.0048999999999], "90_282_6_1": [0, 0, 0], "85_282_6_1": [0, 0, 0], "75_282_6_1": [0, 0, 0], "70_282_6_1": [0, 0, 0], "65_282_6_1": [0, 0, 0], "60_282_6_1": [0, 0, 0], "55_282_6_1": [0, 0, 0], "45_282_6_1": [0, 0, 0], "40_282_6_1": [0, 0, 0], "35_282_6_1": [0, 0, 0], "30_282_6_1": [0, 0, 0], "25_282_6_1": [0, 0, 0], "15_282_6_1": [0, 0, 0], "10_282_6_1": [0, 0, 0], "5_282_6_1": [0, 0, 0], "0_282_6_1": [0, 0, 0], "-5_282_6_1": [0, 0, 0], "-15_282_6_1": [0, 0, 0], "100_282_7_1": [0, 0, 1000.010000100001], "95_282_7_1": [0, 0, 0], "85_282_7_1": [0, 0, 0], "80_282_7_1": [0, 0, 0], "70_282_7_1": [0, 0, 0], "65_282_7_1": [0, 0, 0], "60_282_7_1": [0, 0, 0], "50_282_7_1": [0, 0, 0], "45_282_7_1": [0, 0, 0], "35_282_7_1": [0, 0, 0], "30_282_7_1": [0, 0, 0], "25_282_7_1": [0, 0, 0], "15_282_7_1": [0, 0, 0], "10_282_7_1": [0, 0, 0], "0_282_7_1": [0, 0, 0], "-5_282_7_1": [0, 0, 0], "-10_282_7_1": [0, 0, 0], "130_332_7_0": [0, -973.0, -700.0], "120_332_7_0": [0, 1000.010000100001, -700.0], "115_332_7_0": [0, 1000.010000100001, -909.9929999299993], "110_332_7_0": [0, 973.0078400343, 0], "100_332_7_0": [0, 0, 0], "95_332_7_0": [0, 0, -700.0], "85_332_7_0": [0, 0, 0], "80_332_7_0": [0, 0, 0], "75_332_7_0": [-700.0, 0, 0], "105_282_6_1": [0, -700.0, 1000.010000100001], "125_332_7_0": [0, -403.69859926940654, -991.9000000000001], "105_332_7_0": [0, 0, 0], "105_282_7_1": [0, -699.9929999299993, 1000.010000100001], "125_330_7_1": [0, 1000.010000100001, 0], "120_330_7_1": [0, 700.0, 0], "115_330_7_1": [0, 700.0, 0], "105_330_7_1": [0, 0, 0], "100_330_7_1": [0, 0, 0], "90_330_7_1": [0, 0, 0], "85_330_7_1": [-700.0, 0, 0], "130_330_7_1": [0, 1000.010000100001, -700.0], "105_282_8_1": [0, 0, 1000.010000100001], "95_282_8_1": [0, -700.0, 700.0], "90_282_8_1": [0, 0, 0], "80_282_8_1": [0, 0, 0], "75_282_8_1": [0, 0, 0], "65_282_8_1": [0, 0, 0], "55_282_8_1": [0, 0, 0], "50_282_8_1": [0, 0, 0], "40_282_8_1": [0, 0, 0], "35_282_8_1": [0, 0, 0], "25_282_8_1": [0, 0, 0], "15_282_8_1": [0, 0, 0], "10_282_8_1": [0, 0, 0], "0_282_8_1": [0, 0, 0], "-5_282_8_1": [0, 0, 0], "-15_282_8_1": [0, 0, 0], "130_332_8_0": [0, -823.4189812320717, -910.0], "120_332_8_0": [0, 1000.010000100001, -909.9929999299993], "115_332_8_0": [0, 910.0048999999999, 0], "105_332_8_0": [0, 0, 0], "95_332_8_0": [0, 0, 0], "90_332_8_0": [0, 0, 0], "80_332_8_0": [0, 0, 0], "75_332_8_0": [0, 0, 0], "65_332_8_0": [-700.0, 0, 0], "130_330_8_1": [0, 1000.010000100001, -700.0], "120_330_8_1": [0, 0, 0], "115_330_8_1": [0, 700.0, -700.0], "105_330_8_1": [0, 0, 0], "95_330_8_1": [0, 0, 0], "90_330_8_1": [0, 0, 0], "80_330_8_1": [-700.0, 0, 0], "125_332_8_0": [0, 1000.010000100001, 0], "100_282_8_1": [0, -909.9929999299993, 1000.010000100001], "125_330_8_1": [0, 1000.010000100001, 0], "130_330_9_1": [0, 1000.010000100001, 0], "120_330_9_1": [0, 910.0048999999999, 0], "110_330_9_1": [0, 0, 0], "100_330_9_1": [0, 0, 0], "95_330_9_1": [0, 0, 0], "85_330_9_1": [-700.0, 0, 0], "130_332_9_0": [0, -537.3359176617042, -700.0], "120_332_9_0": [0, 1000.010000100001, 0], "110_332_9_0": [0, 700.0, -700.0], "100_332_9_0": [0, 0, 0], "90_332_9_0": [0, 0, -700.0], "85_332_9_0": [0, 0, 0], "75_332_9_0": [0, 0, 0], "65_332_9_0": [-700.0, 0, 0], "135_332_9_0": [0, -700.0, -700.0], "125_332_9_0": [0, 1000.010000100001, -700.0], "115_332_9_0": [0, 0, -700.0], "105_332_9_0": [0, 0, 0], "95_332_9_0": [0, 0, 0], "105_282_9_1": [0, -909.9929999303341, 1000.010000100001], "95_282_9_1": [0, 0, 0], "90_282_9_1": [0, 0, 0], "80_282_9_1": [0, 0, 0], "70_282_9_1": [0, 0, 0], "60_282_9_1": [0, 0, 0], "50_282_9_1": [0, 0, 0], "45_282_9_1": [0, 0, 700.0], "35_282_9_1": [0, 0, 0], "25_282_9_1": [0, 0, 0], "15_282_9_1": [0, 0, 0], "5_282_9_1": [0, 0, 0], "0_282_9_1": [0, 0, 0], "-10_282_9_1": [0, 0, 0], "125_330_9_1": [0, 1000.0099957936785, -700.0], "135_330_9_1": [0, 1000.010000100001, 0], "115_330_9_1": [0, 0, 0], "90_330_9_1": [0, 0, 0], "80_330_9_1": [-700.0, 0, 0], "100_282_9_1": [0, -700.0, 1000.010000100001], "85_282_9_1": [0, 0, 700.0], "75_282_9_1": [0, 0, 0], "65_282_9_1": [0, 0, 0], "55_282_9_1": [0, 0, 0], "135_330_10_1": [0, 1000.010000100001, 0], "125_330_10_1": [0, 0, 0], "115_330_10_1": [0, 0, 0], "105_330_10_1": [0, 0, 0], "95_330_10_1": [0, 0, 0], "85_330_10_1": [0, 0, 0], "75_330_10_1": [-700.0, 0, 0], "135_332_10_0": [0, -910.0, -910.0], "125_332_10_0": [0, 1000.010000100001, -699.9929999300001], "115_332_10_0": [0, 0, 0], "105_332_10_0": [0, 0, 0], "95_332_10_0": [0, 0, 0], "85_332_10_0": [0, 0, 0], "75_332_10_0": [0, 0, 0], "65_332_10_0": [-700.0, 0, 0], "140_332_10_0": [0, -700.0, -700.0], "130_332_10_0": [0, -700.0, -700.0], "120_332_10_0": [0, 1000.010000100001, -700.0], "110_332_10_0": [0, 0, 0], "100_332_10_0": [0, 0, 0], "90_332_10_0": [0, 0, 0], "80_332_10_0": [0, 0, 0], "70_332_10_0": [-700.0, 0, 0], "100_282_10_1": [0, -700.0, 1000.0100000999756], "90_282_10_1": [0, -700.0, 973.0078400343], "80_282_10_1": [0, -700.0, 0], "70_282_10_1": [0, 0, 0], "60_282_10_1": [0, 0, 0], "50_282_10_1": [0, 0, 0], "40_282_10_1": [0, 0, 0],